file,player,author,license,source
200001.jpg,Martina Hingis,si.robi,CC BY-SA 2.0,https://commons.wikimedia.org/wiki/File:Hingis_RG16_(10)_(27331857371).jpg
200002.jpg,Mirjana Lucic,Diliff,CC BY 3.0,"https://commons.wikimedia.org/wiki/File:Mirjana_Lucic-Baroni_2,_2015_Wimbledon_Championships_-_Diliff.jpg"
200003.jpg,Justine Henin,Unknown author,Copyrighted free use,https://commons.wikimedia.org/wiki/File:Justine_Henin.JPG
200017.jpg,Arantxa Sanchez Vicario,Tourism Victoria from Australia,CC BY 2.0,https://commons.wikimedia.org/wiki/File:Arantxa_S%C3%A1nchez_Vicario_2016.jpg
200033.jpg,Serena Williams,Edwin Martinez,CC BY 2.0,https://commons.wikimedia.org/wiki/File:Serena_Williams_at_2013_US_Open.jpg
200043.jpg,Virginie Razzano,Robbie Mendelson,CC BY-SA 2.0,https://commons.wikimedia.org/wiki/File:Razzano_2009_US_Open_01.jpg
200049.jpg,Conchita Martinez,Robbie Mendelson,CC BY-SA 2.0,https://commons.wikimedia.org/wiki/File:Conchita_Mart%C3%ADnez_at_the_2010_US_Open_02.jpg
200065.jpg,Amelie Mauresmo,Carine06,CC BY-SA 2.0,https://commons.wikimedia.org/wiki/File:Amelie_Mauresmo_at_the_Aegon_Championships_2014.jpg
200069.jpg,Nadia Petrova,Robbie Mendelson,CC BY-SA 2.0,https://commons.wikimedia.org/wiki/File:Petrova_2009_US_Open_02.jpg
200077.jpg,Jennifer Capriati,daramot,CC BY 2.0,https://commons.wikimedia.org/wiki/File:Jennifer_Capriati_Wimbledon_2004.jpg
200079.jpg,Kim Clijsters,User:Vegafi,CC0,https://commons.wikimedia.org/wiki/File:Kim_Clijsters_2011_crop2.jpg
200096.jpg,Mary Pierce,Bill Mitchell,Attribution,https://commons.wikimedia.org/wiki/File:Mary_Pierce.JPG
200108.jpg,Elena Dementieva,Christian Mesiano,CC BY-SA 2.0,https://commons.wikimedia.org/wiki/File:Elena_Dementieva_at_the_2010_US_Open_06_(cropped).jpg
200120.jpg,Jelena Dokic,Unknown author,Attribution,https://commons.wikimedia.org/wiki/File:Jelena_Dokic.jpg
200128.jpg,Lindsay Davenport,Donna & Keith,CC BY 2.0,https://commons.wikimedia.org/wiki/File:Davenport_Lindsay.jpg
200259.jpg,Chris Evert,"unknown, Florida Memory",Public domain,https://commons.wikimedia.org/wiki/File:Chris_Evert.jpg
200293.jpg,Martina Navratilova,Hans van Dijk for Anefo,CC0,"https://commons.wikimedia.org/wiki/File:Tennis_Nederland_tegen_Verenigde_Staten_in_Den_Haag_Navratilova_in_aktie,_Bestanddeelnr_930-9118_(cropped).jpg"
200348.jpg,Hana Mandlikova,Robbie Mendelson,CC BY-SA 2.0,https://commons.wikimedia.org/wiki/File:Hana_Mandl%C3%ADkov%C3%A1_2009_US_Open_02.jpg
200377.jpg,Helena Sukova,Parklands cobbler,CC BY 3.0,https://commons.wikimedia.org/wiki/File:Helena_Sukov%C3%A1_(Wimbledon_2009).jpg
200404.jpg,Zina Garrison,"Kingkongphoto & www.celebrity-photos.com from Laurel Maryland, USA",CC BY-SA 2.0,https://commons.wikimedia.org/wiki/File:Zina_Garrison.jpg
200414.jpg,Steffi Graf,"Steffi_Graf_in_Hamburg.jpg: Mark Henckel from Hamburg-Altona, Deutschland (http://sommer-in-hamburg.de/) derivative work: César",CC BY-SA 2.0,https://commons.wikimedia.org/wiki/File:Steffi_Graf_in_Hamburg_2010_(cropped).jpg
200539.jpg,Jana Novotna,Bill Mitchell,Attribution,https://commons.wikimedia.org/wiki/File:Jana_Novotna.JPG
200572.jpg,Gabriela Sabatini,"United States Embassy to Argentina, Buenos Aires",CC BY 2.0,https://commons.wikimedia.org/wiki/File:Gabriela_Sabatini_US_Embassy_in_Argentina_cropped.jpg
200617.jpg,Kimiko Date Krumm,Sintegrity,CC BY-SA 4.0,https://commons.wikimedia.org/wiki/File:Kimiko_Date_Krumm_2010_Toray_Pan_Pacific_Open_(cropped).jpg
200652.jpg,Monica Seles,"Kingkongphoto & www.celebrity-photos.com from Laurel Maryland, USA",CC BY-SA 2.0,https://commons.wikimedia.org/wiki/File:Monica_Seles_1999.jpg
200748.jpg,Venus Williams,"Tatiana from Moscow, Russia",CC BY-SA 2.0,https://commons.wikimedia.org/wiki/File:Venus_Williams_(14948553428).jpg
200772.jpg,Anastasia Myskina,Charlie Cowins,CC BY 2.0,https://commons.wikimedia.org/wiki/File:Anastasia_Myskina_in_2008.jpg
201212.jpg,Francesca Schiavone,si.robi,CC BY-SA 2.0,https://commons.wikimedia.org/wiki/File:Schiavone_MA14_(14239282528).jpg
201286.jpg,Anabel Medina Garrigues,si.robi,CC BY-SA 2.0,https://commons.wikimedia.org/wiki/File:Medina_Garrigues_MA14_(11)_-_Copy_(14422665491).jpg
201290.jpg,Daniela Hantuchova,Diliff,CC BY 3.0,"https://commons.wikimedia.org/wiki/File:Daniela_Hantuchov%C3%A1_2,_2015_Wimbledon_Championships_-_Diliff.jpg"
201294.jpg,Marion Bartoli,Clément Bucco-Lechat,CC BY-SA 3.0,https://commons.wikimedia.org/wiki/File:Valais_Cup_2013_-_OM-FC_Porto_13-07-2013_-_Marion_Bartoli.jpg
201304.jpg,Elena Baltacha,Christian Mesiano,CC BY-SA 2.0,https://commons.wikimedia.org/wiki/File:Elena_Baltacha.jpg
201311.jpg,Roberta Vinci,si.robi,CC BY-SA 2.0,https://commons.wikimedia.org/wiki/File:Vinci_RG13_(5)_(9408755631).jpg
201318.jpg,Bethanie Mattek Sands,si.robi,CC BY-SA 2.0,https://commons.wikimedia.org/wiki/File:Mattek_Sands_WM19_(6)_(48521786911).jpg
201320.jpg,Svetlana Kuznetsova,"Tatiana from Moscow, Russia",CC BY-SA 2.0,https://commons.wikimedia.org/wiki/File:Svetlana_Kuznetsova_(18447441475).jpg
201325.jpg,Samantha Stosur,"Rob Keating from Canberra, Australia, Australia",CC BY-SA 2.0,https://commons.wikimedia.org/wiki/File:Sydney_International_WTA_Players_Cruise_(31974225997)_(cropped).jpg
201329.jpg,Vera Zvonareva,si.robi,CC BY-SA 2.0,https://commons.wikimedia.org/wiki/File:Zvonareva_RG19_(32)_(48199020742).jpg
201336.jpg,Dinara Safina,Dinara_Safina.JPG: Sergey Smirnov derivative work: Mario Žamić (talk),CC BY-SA 3.0,https://commons.wikimedia.org/wiki/File:Dinara_Safina_German_Open_2008.jpg
201344.jpg,Klara Koukalova,"Tatiana from Moscow, Russia",CC BY-SA 2.0,https://commons.wikimedia.org/wiki/File:Kl%C3%A1ra_Koukalov%C3%A1_(16238215658).jpg
201345.jpg,Maria Sharapova,Tourism Victoria,CC BY 2.0,https://commons.wikimedia.org/wiki/File:Sharapova2016.jpg
201347.jpg,Jelena Jankovic,si.robi,CC BY-SA 2.0,https://commons.wikimedia.org/wiki/File:Jankovic_RG16_(11)_(27369352766).jpg
201348.jpg,Casey Dellacqua,Diliff,CC BY 3.0,"https://commons.wikimedia.org/wiki/File:Casey_Dellacqua_5,_2015_Wimbledon_Championships_-_Diliff.jpg"
201355.jpg,Flavia Pennetta,si.robi,CC BY-SA 2.0,https://commons.wikimedia.org/wiki/File:Pennetta_RG15_(1)_(19300934912).jpg
201366.jpg,Barbora Strycova,si.robi,CC BY-SA 2.0,https://commons.wikimedia.org/wiki/File:Strycova_WM17_(5)_(35379284843).jpg
201373.jpg,Maria Kirilenko,si.robi,CC BY-SA 2.0,https://commons.wikimedia.org/wiki/File:Kirilenko_RG13_(26)_(9386590456).jpg
201386.jpg,Jie Zheng,Brendan Dennis,CC BY-SA 3.0,https://commons.wikimedia.org/wiki/File:2014_Australian_Open_-_Zheng_Jie_3.jpg
201397.jpg,Shuai Peng,si.robi,CC BY-SA 2.0,https://commons.wikimedia.org/wiki/File:Peng_WMQ19_(28).jpg
201414.jpg,Michaella Krajicek,DonPedro71,CC BY-SA 3.0,https://commons.wikimedia.org/wiki/File:N%C3%BCrnberger_Versicherungscup_2014_-_1.Runde_Doppel_-_Michaella_Krajicek_02_cropped.jpg
201419.jpg,Na Li,Tourism Victoria from Australia,CC BY 2.0,https://commons.wikimedia.org/wiki/File:Li_Na_(China)_(24364518991).jpg
201421.jpg,Ana Ivanovic,"Tatiana from Moscow, Russia",CC BY-SA 2.0,https://commons.wikimedia.org/wiki/File:Ana_Ivanovi%C4%87_(14948461930).jpg
201424.jpg,Shahar Peer,Alexisrael at English Wikipedia,Public domain,https://commons.wikimedia.org/wiki/File:Shahar_Peer.jpg
201425.jpg,Lucie Safarova,"Tatiana from Moscow, Russia",CC BY-SA 2.0,https://commons.wikimedia.org/wiki/File:Lucie_%C5%A0af%C3%A1%C5%99ov%C3%A1_Rome_Masters_2015.jpg
201426.jpg,Pauline Parmentier,si.robi,CC BY-SA 2.0,https://commons.wikimedia.org/wiki/File:Parmentier_RG15_(4)_(18684412844).jpg
201427.jpg,Alize Cornet,"Nuță Lucian from Cluj-Napoca, Romania",CC BY-SA 2.0,"https://commons.wikimedia.org/wiki/File:Transylvania_Open_2024_-_Alize_Cornet_vs_Mara_Gae_6-2,_6-2_(53506558646)_(cropped).jpg"
201428.jpg,Mathilde Johansson,Nadina,CC BY-SA 3.0,https://commons.wikimedia.org/wiki/File:Mathilde_Johansson_Allianz_Cup_1.jpg
201435.jpg,Kateryna Bondarenko,si.robi,CC BY-SA 2.0,https://commons.wikimedia.org/wiki/File:Bondarenko_K._US16_(1)_(29236773553).jpg
201444.jpg,Su Wei Hsieh,Hameltion,CC BY-SA 4.0,https://commons.wikimedia.org/wiki/File:Hsieh_Su-wei_(2023_French_Open)_05_(cropped).jpg
201447.jpg,Vania King,si.robi,CC BY-SA 2.0,https://commons.wikimedia.org/wiki/File:King_BM16_(3)_(27698653211).jpg
201448.jpg,Galina Voskoboeva,si.robi,CC BY-SA 2.0,https://commons.wikimedia.org/wiki/File:Voskoboeva_RG19_(43)_(48199014132)_(cropped).jpg
201450.jpg,Tsvetana Pironkova,Tsvetana_Pironkova_2011-06-14_B.jpg: James Boyes (jamesboyes) derivative work: — Luchesar • T/C,CC BY 2.0,https://commons.wikimedia.org/wiki/File:Tsvetana_Pironkova_2011-06-14_B_portrait.jpg
201452.jpg,Lourdes Dominguez Lino,"robbiesaurus from Smithtown, NY, USA",CC BY-SA 2.0,https://commons.wikimedia.org/wiki/File:Lourdes_Dominguez_Lino_(ESP)_(9717647083).jpg
201455.jpg,Elena Vesnina,Frolzart,CC BY-SA 4.0,https://commons.wikimedia.org/wiki/File:Elena_Vesnina_in_2016.jpg
201457.jpg,Jarmila Gajdosova,"Tatiana from Moscow, Russia",CC BY-SA 2.0,https://commons.wikimedia.org/wiki/File:Jarmila_Gajdosova_(18447128665).jpg
201458.jpg,Victoria Azarenka,Carine06 from UK,CC BY-SA 2.0,https://commons.wikimedia.org/wiki/File:Victoria_Azarenka_(41705054005).jpg
201465.jpg,Kirsten Flipkens,si.robi,CC BY-SA 2.0,https://commons.wikimedia.org/wiki/File:Flipkens_RG19_(4)_(48199369822)_(cropped).jpg
201466.jpg,Kaia Kanepi,si.robi,CC BY-SA 2.0,https://commons.wikimedia.org/wiki/File:Kanepi_WM13-005_(9489757960)_(cropped).jpg
201468.jpg,Yaroslava Shvedova,si.robi,CC BY-SA 2.0,https://commons.wikimedia.org/wiki/File:Shvedova_RG16_(7)_(27402979885).jpg
201474.jpg,Agnieszka Radwanska,si.robi,CC BY-SA 2.0,https://commons.wikimedia.org/wiki/File:Radwanska_A._BM16_(73)_(27698605341).jpg
201478.jpg,Varvara Lepchenko,si.robi,CC BY-SA 2.0,https://commons.wikimedia.org/wiki/File:Lepchenko_WM17_(7)_(35347343424)_(cropped).jpg
201481.jpg,Tamira Paszek,Diliff,CC BY 3.0,"https://commons.wikimedia.org/wiki/File:Tamira_Paszek_2,_2015_Wimbledon_Qualifying_-_Diliff.jpg"
201483.jpg,Madison Brengle,si.robi,CC BY-SA 2.0,https://commons.wikimedia.org/wiki/File:Brengle_WM18_(27)_(43027092015).jpg
201490.jpg,Timea Bacsinszky,si.robi,CC BY-SA 2.0,https://commons.wikimedia.org/wiki/File:Timea_Bacsinszky_RG15.jpg
201492.jpg,Andrea Petkovic,si.robi,CC BY-SA 2.0,https://commons.wikimedia.org/wiki/File:Petkovic_RG19_(10)_(48199100627).jpg
201493.jpg,Angelique Kerber,"Rob Keating from Canberra, Australia, Australia",CC BY 2.0,https://commons.wikimedia.org/wiki/File:Australian_Open_2020_(49836755508)_(cropped).jpg
201495.jpg,Dominika Cibulkova,si.robi,CC BY-SA 2.0,https://commons.wikimedia.org/wiki/File:Cibulkova_US16_(28)_(29235873714).jpg
201496.jpg,Caroline Wozniacki,"Keith Allison from Hanover, MD, USA",CC BY-SA 2.0,https://commons.wikimedia.org/wiki/File:2016_Citi_Open_Caroline_Wozniacki_(28300404642).jpg
201498.jpg,Karin Knapp,si.robi,CC BY-SA 2.0,https://commons.wikimedia.org/wiki/File:Knapp_RG16_(9)_(27127240900).jpg
201499.jpg,Anastasia Pavlyuchenkova,si.robi,CC BY-SA 2.0,https://commons.wikimedia.org/wiki/File:Pavlyuchenkova_RG18_(32)_(42978776221).jpg
201501.jpg,Olga Govortsova,Diliff,CC BY 3.0,"https://commons.wikimedia.org/wiki/File:Olga_Govortsova_2,_2015_Wimbledon_Qualifying_-_Diliff.jpg"
201503.jpg,Ayumi Morita,Brendan Dennis,CC BY-SA 3.0,https://commons.wikimedia.org/wiki/File:Australian_Open_2013_-_Ayumi_Morita_2.jpg
201504.jpg,Julia Goerges,si.robi,CC BY-SA 2.0,https://commons.wikimedia.org/wiki/File:Goerges_RG18_(18)_(42929488802).jpg
201505.jpg,Kate Makarova,Carine06 from UK,CC BY-SA 2.0,https://commons.wikimedia.org/wiki/File:Ekaterina_Makarova_Wb2016_Signal_(27539581724).jpg
201506.jpg,Sara Errani,si.robi,CC BY-SA 2.0,https://commons.wikimedia.org/wiki/File:Errani_WMQ22_(14)_(52190176812)_(cropped).jpg
201508.jpg,Petra Cetkovska,Diliff,CC BY 3.0,"https://commons.wikimedia.org/wiki/File:Petra_Cetkovsk%C3%A1_1,_2015_Wimbledon_Qualifying_-_Diliff.jpg"
201512.jpg,Monica Niculescu,si.robi,CC BY-SA 2.0,https://commons.wikimedia.org/wiki/File:Niculescu_LIM21_(3)_(51756838499).jpg
201513.jpg,Sabine Lisicki,"Keith Allison from Hanover, MD, USA",CC BY-SA 2.0,https://commons.wikimedia.org/wiki/File:2017_Citi_Open_Tennis_Sabine_Lisicki_(36258785886).jpg
201514.jpg,Sorana Cirstea,"Nuță Lucian from Cluj-Napoca, Romania derivative work: Kacir",CC BY-SA 2.0,https://commons.wikimedia.org/wiki/File:Sorana_C%C3%AErstea_2025_Transylvania_Open_(cropped).jpg
201516.jpg,Evgeniya Rodina,Diliff,CC BY 3.0,"https://commons.wikimedia.org/wiki/File:Evgeniya_Rodina,_2015_Wimbledon_Qualifying_-_Diliff.jpg"
201517.jpg,Magdalena Rybarikova,"Tatiana from Moscow, Russia",CC BY-SA 2.0,https://commons.wikimedia.org/wiki/File:Magdal%C3%A9na_Ryb%C3%A1rikov%C3%A1_(14277097558).jpg
201518.jpg,Yanina Wickmayer,Hameltion,CC BY-SA 4.0,https://commons.wikimedia.org/wiki/File:Yanina_Wickmayer_(2023_US_Open)_01_(cropped).jpg
201520.jpg,Petra Kvitova,Peter Menzel,CC BY-SA 2.0,https://commons.wikimedia.org/wiki/File:Petra_Kvitov%C3%A1_Maud_Watson_trophy_2018.jpg
201521.jpg,Carla Suarez Navarro,si.robi,CC BY-SA 2.0,https://commons.wikimedia.org/wiki/File:Suarez_Navarro_US16_(16)_(29862666085).jpg
201523.jpg,Marina Erakovic,Michael Frey (Michael Frey),CC BY-SA 3.0,https://commons.wikimedia.org/wiki/File:Marina_Erakovic_006_2014_N%C3%BCrnberger_Versicherungscup_20-05-2014.jpg
201524.jpg,Urszula Radwanska,Diliff,CC BY 3.0,"https://commons.wikimedia.org/wiki/File:Urszula_Radwa%C5%84ska_4,_2015_Wimbledon_Championships_-_Diliff.jpg"
201527.jpg,Stefanie Voegele,si.robi,CC BY-SA 2.0,https://commons.wikimedia.org/wiki/File:Voegele_US16_(36)_(29862679125).jpg
201529.jpg,Kristie Ahn,si.robi,CC BY-SA 2.0,https://commons.wikimedia.org/wiki/File:Ahn_WMQ18_(52)_(43553113551).jpg
201531.jpg,Mariana Duque Marino,si.robi,CC BY-SA 2.0,https://commons.wikimedia.org/wiki/File:Duque_Marino_WMQ13-036.jpg
201533.jpg,Shuai Zhang,si.robi,CC BY-SA 2.0,https://commons.wikimedia.org/wiki/File:Zhang_RG22_(64)_(52144542380).jpg
201535.jpg,Coco Vandeweghe,si.robi,CC BY-SA 2.0,https://commons.wikimedia.org/wiki/File:Vandeweghe_WMQ22_(13)_(52191110986)_(cropped).jpg
201539.jpg,Christina Mchale,si.robi,CC BY-SA 2.0,https://commons.wikimedia.org/wiki/File:McHale_WM18_(12)_(43213514484)_(cropped).jpg
201540.jpg,Kristina Mladenovic,Hameltion,CC BY-SA 4.0,https://commons.wikimedia.org/wiki/File:Kiki_Mladenovic_(2023_US_Open)_01_(cropped2).jpg
201541.jpg,Chanelle Scheepers,Carine06 from UK,CC BY-SA 2.0,https://commons.wikimedia.org/wiki/File:Flickr_-_Carine06_-_Chanelle_Scheepers.jpg
201542.jpg,Olivia Rogowska,si.robi,CC BY-SA 2.0,https://commons.wikimedia.org/wiki/File:Rogowska_WMQ14_(5)_(14420321608).jpg
201545.jpg,Anastasija Sevastova,si.robi,CC BY-SA 2.0,https://commons.wikimedia.org/wiki/File:Sevastova_WM16_(28418717365).jpg
201548.jpg,Ajla Tomljanovic,Hameltion,CC BY-SA 4.0,https://commons.wikimedia.org/wiki/File:Ajla_Tomljanovi%C4%87_(2023_US_Open)_58_(cropped).jpg
201549.jpg,Petra Martic,si.robi,CC BY-SA 2.0,https://commons.wikimedia.org/wiki/File:Martic_RG19_(16)_(48199197307).jpg
201551.jpg,Arantxa Rus,si.robi,CC BY-SA 2.0,https://commons.wikimedia.org/wiki/File:Rus_WMQ19_(3).jpg
201554.jpg,Vitalia Diatchenko,"Rob Keating from Canberra, Australia, Australia",CC BY 2.0,https://commons.wikimedia.org/wiki/File:Vitalia_Diatchenko_at_Australian_Open_2020_(49837296651)_(cropped).jpg
201555.jpg,Polona Hercog,si.robi,CC BY-SA 2.0,https://commons.wikimedia.org/wiki/File:Hercog_WMQ23_(53061703966).jpg
201556.jpg,Lucie Hradecka,si.robi,CC BY-SA 2.0,https://commons.wikimedia.org/wiki/File:Hradecka_RG18_(3)_(42929447742).jpg
201562.jpg,Silvia Soler Espinosa,si.robi,CC BY-SA 2.0,https://commons.wikimedia.org/wiki/File:Soler_Espinosa_RG15_(3)_(19118958808).jpg
201567.jpg,Alexandra Dulgheru,NAPARAZZI,CC BY-SA 2.0,https://commons.wikimedia.org/wiki/File:ALEXANDRA_DULGHERU_(20)_(16113204317).jpg
201568.jpg,Kristina Kucova,si.robi,CC BY-SA 2.0,https://commons.wikimedia.org/wiki/File:Kucova_WMQ19_(29).jpg
201573.jpg,Laura Robson,Andrew Campbell,CC BY 2.0,https://commons.wikimedia.org/wiki/File:Laura_Robson_(18412391643).jpg
201585.jpg,Sloane Stephens,"Keith Allison from Hanover, MD, USA",CC BY-SA 2.0,https://commons.wikimedia.org/wiki/File:2017_Citi_Open_Tennis_Sloane_Stephens_(36261045461)_(cropped).jpg
201586.jpg,Heather Watson,Peter Menzel,CC BY-SA 2.0,https://commons.wikimedia.org/wiki/File:Heather_Watson_(49810069577)_(cropped2).jpg
201587.jpg,Bojana Jovanovski,"Tatiana from Moscow, Russia",CC BY-SA 2.0,https://commons.wikimedia.org/wiki/File:Bojana_Jovanovski_(19142896441).jpg
201588.jpg,Anna Tatishvili,Charlie Cowins,CC BY 2.0,https://commons.wikimedia.org/wiki/File:Anna_Tatishvili_2013.jpg
201590.jpg,Alison Riske Amritraj,si.robi,CC BY-SA 2.0,https://commons.wikimedia.org/wiki/File:Riske_RG19_(1)_(48199060706).jpg
201593.jpg,Irina Camelia Begu,"Nuță Lucian from Cluj-Napoca, Romania",CC BY-SA 2.0,https://commons.wikimedia.org/wiki/File:Day_7_Transylvania_Open_Irina-Camelia_Begu_(54321012463)_(cropped_Begu).jpg
201594.jpg,Simona Halep,si.robi,CC BY-SA 2.0,https://commons.wikimedia.org/wiki/File:Halep_RG18_(25)_(42929445712).jpg
201595.jpg,Misaki Doi,si.robi,CC BY-SA 2.0,https://commons.wikimedia.org/wiki/File:Doi_RG21_(12)_(51375433902).jpg
201596.jpg,Johanna Larsson,Diliff,CC BY 3.0,"https://commons.wikimedia.org/wiki/File:Johanna_Larsson_2,_2015_Wimbledon_Qualifying_-_Diliff.jpg"
201597.jpg,Kurumi Nara,si.robi,CC BY-SA 2.0,https://commons.wikimedia.org/wiki/File:Nara_WM17_(7)_(36143090926).jpg
201600.jpg,Jamie Hampton,BrokenSphere,CC BY-SA 3.0,https://commons.wikimedia.org/wiki/File:Jamie_Hampton_at_Bank_of_the_West_Classic_qualifying_2010-07-25_1.JPG
201603.jpg,Shelby Rogers,si.robi,CC BY-SA 2.0,https://commons.wikimedia.org/wiki/File:Rogers_RG19_(27)_(48199062276).jpg
201604.jpg,Irina Falconi,"Keith Allison from Hanover, MD, USA",CC BY-SA 2.0,https://commons.wikimedia.org/wiki/File:Irina_Falconi_in_2016.jpg
201605.jpg,Mandy Minella,Diliff,CC BY 3.0,"https://commons.wikimedia.org/wiki/File:Mandy_Minella_3,_2015_Wimbledon_Qualifying_-_Diliff.jpg"
201606.jpg,Rebecca Marino,si.robi,CC BY-SA 2.0,https://commons.wikimedia.org/wiki/File:Marino_RGQ22_(6)_(52129543491).jpg
201610.jpg,Zarina Diyas,Kulitat,CC BY-SA 2.0,https://commons.wikimedia.org/wiki/File:Zarina_Diyas_-_14148640400.jpg
201611.jpg,Daria Saville,The original photographer is Rob Keating. Cropped by Blackcat,CC BY-SA 2.0,https://commons.wikimedia.org/wiki/File:Dar%E2%80%99ja_Gavrilova_Sydney_2019.jpg
201614.jpg,Caroline Garcia,Hameltion,CC BY-SA 4.0,https://commons.wikimedia.org/wiki/File:Caroline_Garcia_(2023_DC_Open)_01_(cropped).jpg
201615.jpg,Lesia Tsurenko,Hameltion,CC BY-SA 4.0,https://commons.wikimedia.org/wiki/File:Lesia_Tsurenko_(2023_US_Open)_09_(cropped).jpg
201616.jpg,Lauren Davis,si.robi,CC BY-SA 2.0,https://commons.wikimedia.org/wiki/File:Davis_WM19_(11)_(48521880591).jpg
201619.jpg,Madison Keys,Hameltion,CC BY-SA 4.0,https://commons.wikimedia.org/wiki/File:Madison_Keys_(2023_DC_Open)_01a_(cropped2).jpg
201620.jpg,Monica Puig,si.robi,CC BY-SA 2.0,https://commons.wikimedia.org/wiki/File:Puig_RG16_(3)_(26794913164).jpg
201621.jpg,Mona Barthel,"Tatiana from Moscow, Russia",CC BY-SA 2.0,https://commons.wikimedia.org/wiki/File:Mona_Barthel_(16215868079).jpg
201648.jpg,Naomi Broady,Carine06,CC BY-SA 2.0,https://commons.wikimedia.org/wiki/File:Naomi_Broady.jpg
201662.jpg,Karolina Pliskova,Hameltion,CC BY-SA 4.0,https://commons.wikimedia.org/wiki/File:Karol%C3%ADna_Pl%C3%AD%C5%A1kov%C3%A1_(2023_DC_Open)_03_(cropped).jpg
201693.jpg,Timea Babos,Hameltion,CC BY 4.0,https://commons.wikimedia.org/wiki/File:T%C3%ADmea_Babos_(2023_US_Open)_11_(cropped2).jpg
201696.jpg,Laura Siegemund,si.robi,CC BY-SA 2.0,https://commons.wikimedia.org/wiki/File:Siegemund_WMQ23_(53061863984)_(cropped).jpg
201697.jpg,Kristyna Pliskova,si.robi,CC BY-SA 2.0,https://commons.wikimedia.org/wiki/File:Pliskova_Kr._WM19_(17)_(48521906392).jpg
201709.jpg,Yulia Putintseva,si.robi,CC BY-SA 2.0,https://commons.wikimedia.org/wiki/File:Putintseva_RG22_(45)_(52143028257).jpg
202418.jpg,Lara Arruabarrena,si.robi,CC BY-SA 2.0,https://commons.wikimedia.org/wiki/File:Arruabarrena_WM15_(4)_(20009613653).jpg
202421.jpg,Alison Van Uytvanck,si.robi,CC BY-SA 2.0,https://commons.wikimedia.org/wiki/File:Van_Uytvanck_WM19_(18)_(48521882717).jpg
202427.jpg,Johanna Konta,si.robi,CC BY-SA 2.0,https://commons.wikimedia.org/wiki/File:Konta_RG19_(29)_(48199186357).jpg
202428.jpg,Kiki Bertens,si.robi,CC BY-SA 2.0,https://commons.wikimedia.org/wiki/File:Bertens_WM19_(12)_(48521869636).jpg
202429.jpg,Camila Giorgi,si.robi,CC BY-SA 2.0,https://commons.wikimedia.org/wiki/File:Giorgi_RG22_(10)_(52144109648).jpg
202434.jpg,Aleksandra Krunic,si.robi,CC BY-SA 2.0,https://commons.wikimedia.org/wiki/File:Krunic_RG22_(13)_(52143048977)_(cropped).jpg
202446.jpg,Eugenie Bouchard,si.robi,CC BY-SA 2.0,https://commons.wikimedia.org/wiki/File:Bouchard_WM19_(8)_(48521872326).jpg
202450.jpg,Jana Cepelova,si.robi,CC BY-SA 2.0,https://commons.wikimedia.org/wiki/File:Cepelova_RG13_(5)_(9376601833).jpg
202453.jpg,Saisai Zheng,original work: si.robi derivative work: Vinkje83,CC BY-SA 2.0,https://commons.wikimedia.org/wiki/File:Zheng_S._RG16_(11)_(27331598391)_(cropped).jpg
202457.jpg,Bibiane Schoofs,KinWahYim,CC BY-SA 4.0,https://commons.wikimedia.org/wiki/File:KWY20190210-2265_(cropped).jpg
202458.jpg,Ashleigh Barty,"Rob Keating from Canberra, Australia, Australia",CC BY-SA 2.0,https://commons.wikimedia.org/wiki/File:Sydney_International_WTA_Players_Cruise_(31974227527)_(cropped).jpg
202460.jpg,Ons Jabeur,Hameltion,CC BY-SA 4.0,https://commons.wikimedia.org/wiki/File:Ons_Jabeur_(2023_US_Open)_02_(cropped).jpg
202468.jpg,Jessica Pegula,Hameltion,CC BY-SA 4.0,https://commons.wikimedia.org/wiki/File:Jessica_Pegula_(2025_DC_Open)_05_(cropped).jpg
202469.jpg,Garbine Muguruza,Barcex,CC BY-SA 4.0,https://commons.wikimedia.org/wiki/File:25th_Laureus_World_Sports_Awards_-_Red_Carpet_-_Garbi%C3%B1e_Muguruza_-_240422_182724-2_(cropped).jpg
202470.jpg,Annika Beck,"Tatiana from Moscow, Russia",CC BY-SA 2.0,https://commons.wikimedia.org/wiki/File:Annika_Beck_(17622980849).jpg
202480.jpg,Richel Hogenkamp,Robbie Mendelson,CC BY-SA 2.0,https://commons.wikimedia.org/wiki/File:Richel_Hogenkamp.jpg
202484.jpg,Nicole Gibbs,si.robi,CC BY-SA 2.0,https://commons.wikimedia.org/wiki/File:Gibbs_US16_(23)_(29749498182).jpg
202489.jpg,Carina Witthoeft,si.robi,CC BY-SA 2.0,https://commons.wikimedia.org/wiki/File:Witthoeft_RG18_(12)_(41168712890).jpg
202490.jpg,Rebecca Peterson,si.robi,CC BY-SA 2.0,https://commons.wikimedia.org/wiki/File:Peterson_RG18_(34)_(42978777221)_(cropped).jpg
202492.jpg,Qiang Wang,si.robi,CC BY-SA 2.0,https://commons.wikimedia.org/wiki/File:Wang_Q._RG19_(48)_(48199014927).jpg
202494.jpg,Elina Svitolina,Власність Міністерства молоді та спорту України,CC BY 4.0,https://commons.wikimedia.org/wiki/File:Ukraine_at_the_2020_Summer_Olympics016.jpg
202499.jpg,Donna Vekic,Peter Menzel,CC BY-SA 2.0,https://commons.wikimedia.org/wiki/File:Donna_Veki%C4%87_(52171230817)_(cropped).jpg
202503.jpg,Luksika Kumkhum,si.robi,CC BY-SA 2.0,https://commons.wikimedia.org/wiki/File:Kumkhum_WM18_(30)_(28995069547).jpg
202504.jpg,Ying Ying Duan,si.robi,CC BY-SA 2.0,https://commons.wikimedia.org/wiki/File:Duan_WMQ18_(15)_(43552840701).jpg
202505.jpg,Belinda Bencic,Hameltion,CC BY-SA 4.0,https://commons.wikimedia.org/wiki/File:Belinda_Bencic_(2023_US_Open)_09.jpg
202506.jpg,Margarita Gasparyan,si.robi,CC BY-SA 2.0,https://commons.wikimedia.org/wiki/File:Gasparyan_RG16_(7)_(27127277010).jpg
202536.jpg,Ana Bogdan,"Nuță Lucian from Cluj-Napoca, Romania",CC BY-SA 2.0,https://commons.wikimedia.org/wiki/File:LUK1420-Enhanced-NR_(54320392151).jpg
202596.jpg,Mihaela Buzarnescu,si.robi,CC BY-SA 2.0,https://commons.wikimedia.org/wiki/File:Buzarnescu_RGQ22_(14)_(52128604862).jpg
202600.jpg,Viktoriya Tomova,si.robi,CC BY-SA 2.0,https://commons.wikimedia.org/wiki/File:Tomova_RG22_(20)_(52144295919)_(cropped).jpg
202628.jpg,Maryna Zanevska,si.robi,CC BY-SA 2.0,https://commons.wikimedia.org/wiki/File:Zanevska_RG22_(7)_(52144297884).jpg
202653.jpg,Denisa Allertova,si.robi,CC BY-SA 2.0,https://commons.wikimedia.org/wiki/File:Allertova_WM16_(10)_(28386011646).jpg
202663.jpg,Magda Linette,si.robi,CC BY-SA 2.0,https://commons.wikimedia.org/wiki/File:Linette_RG21_(31)_(51376169766)_(cropped).jpg
202684.jpg,Lin Zhu,si.robi,CC BY-SA 2.0,https://commons.wikimedia.org/wiki/File:Zhu_RGQ22_(17)_(52130013805)_(cropped).jpg
202702.jpg,Tereza Smitkova,si.robi,CC BY-SA 2.0,https://commons.wikimedia.org/wiki/File:Smitkova_WMQ19_(53).jpg
202705.jpg,Veronica Cepede Royg,si.robi,CC BY-SA 2.0,https://commons.wikimedia.org/wiki/File:Cepede_Royg_WMQ14_(13)_(14584039636).jpg
203354.jpg,Martina Trevisan,si.robi,CC BY-SA 2.0,https://commons.wikimedia.org/wiki/File:Trevisan_WMQ18_(28)_(29680365228)_(cropped).jpg
203389.jpg,Danielle Collins,Hameltion,CC BY-SA 4.0,https://commons.wikimedia.org/wiki/File:Danielle_Collins_(2025_DC_Open)_02_(cropped).jpg
203462.jpg,Kateryna Baindl,Hameltion,CC BY-SA 4.0,https://commons.wikimedia.org/wiki/File:Kateryna_Baindl_(2023_US_Open)_02_(cropped).jpg
203463.jpg,Nuria Parrizas Diaz,si.robi,CC BY-SA 2.0,https://commons.wikimedia.org/wiki/File:Parrizas_Diaz_RG22_(6)_(52143026502).jpg
203500.jpg,Sachia Vickery,si.robi,CC BY-SA 2.0,https://commons.wikimedia.org/wiki/File:Vickery_WMQ14_(23)_(14420302369).jpg
203501.jpg,Taylor Townsend,Hameltion,CC BY-SA 4.0,https://commons.wikimedia.org/wiki/File:Taylor_Townsend_(2025_DC_Open)_01.jpg
203530.jpg,Viktorija Golubic,si.robi,CC BY-SA 2.0,https://commons.wikimedia.org/wiki/File:Golubic_RG22_(10)_(52144330099)_(cropped).jpg
203533.jpg,Anna Karolina Schmiedlova,Hameltion,CC BY-SA 4.0,https://commons.wikimedia.org/wiki/File:AK_Schmiedlov%C3%A1_(2023_US_Open)_04_(cropped2).jpg
203575.jpg,Danka Kovinic,si.robi,CC BY-SA 2.0,https://commons.wikimedia.org/wiki/File:Kovinic_RG21_(1)_(51376165701)_(cropped).jpg
204246.jpg,Lesley Pattinama Kerkhove,si.robi,CC BY-SA 2.0,https://commons.wikimedia.org/wiki/File:Kerkhove_WMQ19_(13).jpg
204377.jpg,Indy De Vroome,si.robi,CC BY-SA 2.0,https://commons.wikimedia.org/wiki/File:De_Vroome_WMQ22_(18)_(52191186636)_(cropped).jpg
204411.jpg,Storm Hunter,si.robi,CC BY-SA 2.0,https://commons.wikimedia.org/wiki/File:Sanders_WMQ22_(6)_(52191140653)_(cropped).jpg
204426.jpg,Anett Kontaveit,si.robi,CC BY-SA 2.0,https://commons.wikimedia.org/wiki/File:Kontaveit_RG19_(29)_(48199186817).jpg
204427.jpg,Sara Sorribes Tormo,si.robi,CC BY-SA 2.0,https://commons.wikimedia.org/wiki/File:Sorribes_Tormo_RG21_(20)_(51376076476)_(cropped).jpg
204431.jpg,Anna Lena Friedsam,si.robi,CC BY-SA 2.0,https://commons.wikimedia.org/wiki/File:Friedsam_RG19_(48199371732).jpg
204434.jpg,Ysaline Bonaventure,si.robi,CC BY-SA 2.0,https://commons.wikimedia.org/wiki/File:Bonaventure_WMQ22_(11)_(52191214198).jpg
205925.jpg,Aliaksandra Sasnovich,si.robi,CC BY-SA 2.0,https://commons.wikimedia.org/wiki/File:Sasnovich_RG21_(24)_(51376296148).jpg
206007.jpg,Laura Pigossi,si.robi,CC BY-SA 2.0,https://commons.wikimedia.org/wiki/File:Pigossi_WMQ23_cropped.jpg
206108.jpg,Jennifer Brady,si.robi,CC BY-SA 2.0,https://commons.wikimedia.org/wiki/File:Brady_RG19_(30)_(48199367451).jpg
206124.jpg,Tereza Martincova,si.robi,CC BY-SA 2.0,https://commons.wikimedia.org/wiki/File:Martincova_RG22_(30)_(52144072716).jpg
206219.jpg,Oceane Dodin,si.robi,CC BY-SA 2.0,https://commons.wikimedia.org/wiki/File:Dodin_WMQ19_(14).jpg
206242.jpg,Beatriz Haddad Maia,si.robi,CC BY-SA 2.0,https://commons.wikimedia.org/wiki/File:Haddad_Maia_RG22_(26)_(52144575210).jpg
206252.jpg,Barbora Krejcikova,Hameltion,CC BY-SA 4.0,https://commons.wikimedia.org/wiki/File:Barbora_Krej%C4%8D%C3%ADkov%C3%A1_(2023_US_Open)_03_(cropped).jpg
206255.jpg,Patricia Maria Tig,Diliff,CC BY 3.0,"https://commons.wikimedia.org/wiki/File:Patricia_Maria_%C8%9Aig_1,_2015_Wimbledon_Qualifying_-_Diliff.jpg"
206289.jpg,Maria Sakkari,Hameltion,CC BY-SA 4.0,https://commons.wikimedia.org/wiki/File:Maria_Sakkari_(2023_DC_Open)_01a_(cropped).jpg
206292.jpg,Astra Sharma,si.robi,CC BY-SA 2.0,https://commons.wikimedia.org/wiki/File:Sharma_RG19_(11)_(48199055287).jpg
206368.jpg,Veronika Kudermetova,Hameltion,CC BY-SA 4.0,https://commons.wikimedia.org/wiki/File:Veronika_Kudermetova_(2023_US_Open)_37.jpg
206374.jpg,Yafan Wang,Hameltion,CC BY-SA 4.0,https://commons.wikimedia.org/wiki/File:Wang_Yafan_(2023_US_Open)_01_(cropped).jpg
206408.jpg,Nadia Podoroska,si.robi,CC BY-SA 2.0,https://commons.wikimedia.org/wiki/File:Podoroska_RG21_(36)_(51376343798).jpg
206420.png,Ekaterina Alexandrova,"Nuță Lucian from Cluj-Napoca, Romania",CC BY 2.0,https://commons.wikimedia.org/wiki/File:Ekaterina_Alexandrova_BJK_Cup_2020-21_(cropped)_(cropped).png
210705.jpg,Irina Bara,si.robi,CC BY-SA 2.0,https://commons.wikimedia.org/wiki/File:Bara_WMQ23_(53061134967).jpg
210722.jpg,Elise Mertens,Hameltion,CC BY-SA 4.0,https://commons.wikimedia.org/wiki/File:Elise_Mertens_(2023_US_Open)_23_(cropped)_2.jpg
210886.jpg,Mayar Sherif,si.robi,CC BY-SA 2.0,https://commons.wikimedia.org/wiki/File:Sherif_RG22_(37)_(52144293999).jpg
211095.jpg,Bernarda Pera,Hameltion,CC BY-SA 4.0,https://commons.wikimedia.org/wiki/File:Bernarda_Pera_(2023_US_Open)_01_(cropped).jpg
211107.jpg,Katie Boulter,Robkeating66,CC BY-SA 4.0,"https://commons.wikimedia.org/wiki/File:00001Canberra-_7_January_2023_%E2%80%93_Britain%27s_Katie_Boulter_after_winning_the_final_at_the_Canberra_International_tournament._Photo_by_Rob_Keating,_http---robiciatennisphotography.com2023_(cropped).jpg"
211148.jpg,Jasmine Paolini,"Nuță Lucian from Cluj-Napoca, Romania",CC BY-SA 2.0,https://commons.wikimedia.org/wiki/File:Transylvania_Open_2022_WTA_250_(52503041088)_(Paolini).jpg
211279.jpg,Harriet Dart,si.robi,CC BY-SA 2.0,https://commons.wikimedia.org/wiki/File:Dart_WM19_(9)_(48521880041).jpg
211533.jpg,Jelena Ostapenko,si.robi,CC BY-SA 2.0,https://commons.wikimedia.org/wiki/File:Ostapenko_RG22_(4)_(52144317609).jpg
211539.jpg,Fiona Ferro,si.robi,CC BY-SA 2.0,https://commons.wikimedia.org/wiki/File:Ferro_RG19_(10)_(48199369072).jpg
211552.jpg,Harmony Tan,si.robi,CC BY-SA 2.0,https://commons.wikimedia.org/wiki/File:Tan_RG19_(11)_(48199020861).jpg
211635.jpg,Louisa Chirico,Peter Menzel,CC BY-SA 2.0,https://commons.wikimedia.org/wiki/File:FR_PPP_6655_(52165992479)_(cropped).jpg
211651.jpg,Paula Badosa,Hameltion,CC BY-SA 4.0,https://commons.wikimedia.org/wiki/File:Paula_Badosa_(2024_DC_Open)_04_(cropped).jpg
211684.jpg,Magdalena Frech,Hameltion,CC BY-SA 4.0,https://commons.wikimedia.org/wiki/File:Magdalena_Fr%C4%99ch_(2023_DC_Open)_02_(cropped).jpg
211685.jpg,Rebecca Sramkova,Hameltion,CC BY-SA 4.0,https://commons.wikimedia.org/wiki/File:Rebecca_%C5%A0ramkov%C3%A1_(2023_US_Open)_10_(cropped).jpg
211701.jpg,Katerina Siniakova,Pulv,CC BY-SA 4.0,https://commons.wikimedia.org/wiki/File:2021-06_Kate%C5%99ina_Siniakov%C3%A1_(cropped).jpg
211702.jpg,Nao Hibino,si.robi,CC BY-SA 2.0,https://commons.wikimedia.org/wiki/File:Hibino_WMQ23_53061121972_cropped.jpg
211713.jpg,Jaqueline Cristian,"Nuță Lucian from Cluj-Napoca, Romania",CC BY-SA 2.0,https://commons.wikimedia.org/wiki/File:Day_9_-_Transilvania_Open_Women%27s_Doubles_Finals_ceremony_-_Jaqueline_Cristian_(54320260035)_(cropped).jpg
211768.jpg,Naomi Osaka,si.robi,CC BY-SA 2.0,https://commons.wikimedia.org/wiki/File:Naomi_Osaka_2017_Wimbledon.jpg
211814.jpg,Julia Grabher,si.robi,CC BY-SA 2.0,https://commons.wikimedia.org/wiki/File:Grabher_RGQ22_(33)_(52128593907).jpg
211817.jpg,Elena Gabriela Ruse,"Nuță Lucian from Cluj-Napoca, Romania",CC BY-SA 2.0,"https://commons.wikimedia.org/wiki/File:Transylvania_Open_2023_Gabriela_Ruse_vs_Emiliana_Arango_6-1,_0-6,_6-1_(53272725562)_(cropped).jpg"
211843.jpg,Anhelina Kalinina,si.robi,CC BY-SA 2.0,https://commons.wikimedia.org/wiki/File:Kalinina_RG22_(13)_(52144115143)_(cropped).jpg
211880.jpg,Priscilla Hon,si.robi,CC BY-SA 2.0,https://commons.wikimedia.org/wiki/File:Hon_RGQ22_(57)_(52130049500).jpg
211951.jpg,Ana Konjuh,si.robi,CC BY-SA 2.0,https://commons.wikimedia.org/wiki/File:Konjuh_RG16_(7)_(27403062045).jpg
212001.jpg,Natalia Vikhlyantseva,si.robi,CC BY-SA 2.0,https://commons.wikimedia.org/wiki/File:Vikhlyantseva_ANG21_(2).jpg
213525.jpg,Jil Teichmann,"Nuță Lucian from Cluj-Napoca, Romania",CC BY 2.0,https://commons.wikimedia.org/wiki/File:Fed_Cup_2018_(40825850135)_(cropped).jpg
213550.jpg,Sofia Kenin,Hameltion,CC BY-SA 4.0,https://commons.wikimedia.org/wiki/File:Sofia_Kenin_(2025_DC_Open)_05_(edited_and_cropped).jpg
213583.jpg,Tatjana Maria,Hameltion,CC BY-SA 4.0,https://commons.wikimedia.org/wiki/File:Tatjana_Maria_(Roland_Garros_2023)_01_(cropped).jpg
213631.jpg,Marie Bouzkova,Hameltion derivative work: Kacir,CC BY-SA 4.0,https://commons.wikimedia.org/wiki/File:Marie_Bouzkov%C3%A1_(2024_DC_Open)_01_(cropped2).jpg
213646.jpg,Dalma Galfi,Peter Menzel,CC BY-SA 2.0,https://commons.wikimedia.org/wiki/File:G%C3%A1lfi_Dalma_(32111454447)_(cropped).jpg
213710.jpg,Cristina Bucsa,Peter Menzel,CC BY-SA 2.0,https://commons.wikimedia.org/wiki/File:Cristina_Buc%C8%99a_(53002855843)_(cropped).jpg
213887.jpg,Renata Zarazua,Hameltion,CC BY-SA 4.0,https://commons.wikimedia.org/wiki/File:Renata_Zaraz%C3%BAa_(2024_DC_Open)_04_(cropped).jpg
213889.jpg,Greet Minnen,si.robi,CC BY-SA 2.0,https://commons.wikimedia.org/wiki/File:Minnen_RG22_(16)_(52143055392)_(cropped).jpg
214040.jpg,Kimberly Birrell,Hameltion,CC BY-SA 4.0,https://commons.wikimedia.org/wiki/File:Kim_Birrell_(2023_US_Open)_02_(cropped).jpg
214082.jpg,Daria Kasatkina,Наталия Вечера,CC BY-SA 4.0,https://commons.wikimedia.org/wiki/File:Daria_Kasatkina_2025.jpg
214096.jpg,Karolina Muchova,Hameltion,CC BY-SA 4.0,https://commons.wikimedia.org/wiki/File:Karol%C3%ADna_Muchov%C3%A1_(2023_US_Open)_25_(cropped2).jpg
214149.jpg,Viktoria Hruncakova,Peter Menzel,CC BY-SA 2.0,https://commons.wikimedia.org/wiki/File:Vikt%C3%B3ria_Ku%C5%BEmov%C3%A1_Fed_Cup_2020.jpg
214263.jpg,Catherine Cartan Bellis,Christian Mesiano,CC BY-SA 2.0,https://commons.wikimedia.org/wiki/File:CiCi_Bellis_(22774045383).jpg
214388.jpg,Anna Bondar,"Nuță Lucian from Cluj-Napoca, Romania",CC BY-SA 4.0,"https://commons.wikimedia.org/wiki/File:Transylvania_Open_2026_-_Anna_Bondar_v_Ella_Seidel_4-6,_7-6_(8-6),_6-0_01.01.2026_(55078278088)_(cropped).jpg"
214452.jpg,Caroline Dolehide,Hameltion,CC BY-SA 4.0,https://commons.wikimedia.org/wiki/File:Caroline_Dolehide_(2024_DC_Open)_01.jpg
214459.jpg,Lucia Bronzetti,"Nuță Lucian from Cluj-Napoca, Romania derivative work: Kacir",CC BY-SA 2.0,https://commons.wikimedia.org/wiki/File:Lucia_Bronzetti_2025_Transylvania_Open_(54320690198)_(cropped).jpg
214461.jpg,Tamara Zidansek,si.robi,CC BY-SA 2.0,https://commons.wikimedia.org/wiki/File:Zidansek_RG22_(22)_(52144299054)_(cropped).jpg
214544.jpg,Aryna Sabalenka,Ocoudis derivative work: Kacir,CC0,https://commons.wikimedia.org/wiki/File:Aryna_Sabalenka_Trophy_US_Open_2024_(cropped).jpg
214643.jpg,Liudmila Samsonova,Hameltion,CC BY-SA 4.0,https://commons.wikimedia.org/wiki/File:Liudmila_Samsonova_(2023_DC_Open)_01.jpg
214906.jpg,Claire Liu,Hameltion,CC BY-SA 4.0,https://commons.wikimedia.org/wiki/File:Claire_Liu_(2026_US_Open)_01_(cropped).jpg
214939.jpg,Anna Kalinskaya,Hameltion,CC BY-SA 4.0,https://commons.wikimedia.org/wiki/File:Anna_Kalinskaya_(2025_DC_Open)_01_(cropped).jpg
214954.jpg,Marketa Vondrousova,Jck.rhn,CC BY-SA 4.0,https://commons.wikimedia.org/wiki/File:Marketa_Vondrousova_9.2021_(cropped).jpg
214981.jpg,Elena Rybakina,Hameltion derivative work: Kacir,CC BY-SA 4.0,https://commons.wikimedia.org/wiki/File:Elena_Rybakina_(2025_DC_Open)_07_(cropped2).jpg
215020.jpg,Anna Blinkova,"Nuță Lucian from Cluj-Napoca, Romania",CC BY-SA 2.0,https://commons.wikimedia.org/wiki/File:Transylvania_Open_2022_WTA_250_(52503045148)_(cropped2).jpg
215035.jpg,Dayana Yastremska,si.robi,CC BY-SA 2.0,https://commons.wikimedia.org/wiki/File:Yastremska_WMQ23_(53061681226).jpg
215037.jpg,Kayla Day,si.robi,CC BY-SA 2.0,https://commons.wikimedia.org/wiki/File:Day_RGQ23_(cropped).jpg
215138.jpg,Lulu Sun,si.robi,CC BY-SA 2.0,https://commons.wikimedia.org/wiki/File:Sun_WMQ22_(21)_(52190096327).jpg
215219.jpg,Kaja Juvan,si.robi,CC BY-SA 2.0,https://commons.wikimedia.org/wiki/File:Juvan_WMQ23_(53061887789).jpg
215337.jpg,Olga Danilovic,si.robi,CC BY-SA 2.0,https://commons.wikimedia.org/wiki/File:Danilovic_WMQ23_(53061130692).jpg
215370.jpg,Bianca Andreescu,JazzyJoeyD,CC BY-SA 4.0,"https://commons.wikimedia.org/wiki/File:Bianca_Andreescu,_2019_U.S._Open_Women%27s_Singles_Champion_(cropped).jpg"
215480.jpg,Suzan Lamens,DarDarCH,CC BY-SA 4.0,https://commons.wikimedia.org/wiki/File:2022_Roland_Garros_Qualifying_Tournament_-_40_(cropped2).jpg
215613.jpg,Emma Navarro,SaidSimmons,CC BY-SA 4.0,https://commons.wikimedia.org/wiki/File:EmmaNavarro_(cropped2).jpg
215713.jpg,Anastasia Potapova,"Nuță Lucian from Cluj-Napoca, Romania",CC BY-SA 2.0,https://commons.wikimedia.org/wiki/File:Transilvania_Open_Anastasia_Potapova_(54321093385).jpg
215785.jpg,Camila Osorio,Carine06,CC BY-SA 2.0,https://commons.wikimedia.org/wiki/File:Osorio_Serrano_WM21_(51281034182)_(cropped).jpg
215872.jpg,Kamilla Rakhimova,Hameltion,CC BY-SA 4.0,https://commons.wikimedia.org/wiki/File:Kamilla_Rakhimova_(2024_DC_Open)_05_(cropped).jpg
215898.jpg,Jule Niemeier,si.robi,CC BY-SA 2.0,https://commons.wikimedia.org/wiki/File:Niemeier_RGQ22_(22)_(52129787179).jpg
215910.jpg,Panna Udvardy,"Nuță Lucian from Cluj-Napoca, Romania",CC BY 2.0,https://commons.wikimedia.org/wiki/File:Winners_Open_WTA250_-_Day_3_(51368518043)_(cropped).jpg
215936.jpg,Francesca Jones,si.robi,CC BY-SA 2.0,https://commons.wikimedia.org/wiki/File:Jones_BIA21_(127)_(51377594367).jpg
215983.jpg,Ann Li,si.robi,CC BY-SA 2.0,https://commons.wikimedia.org/wiki/File:Li_RG21_(10)_(51376168176).jpg
215996.jpg,Arianne Hartono,si.robi,CC BY-SA 2.0,https://commons.wikimedia.org/wiki/File:Hartono_WMQ23_(53062201158)_(cropped).jpg
216016.jpg,Xiyu Wang,Hameltion,CC BY-SA 4.0,https://commons.wikimedia.org/wiki/File:Wang_Xiyu_(2023_US_Open)_14_(cropped).jpg
216081.jpg,Maja Chwalinska,"Nuță Lucian from Cluj-Napoca, Romania",CC BY-SA 2.0,"https://commons.wikimedia.org/wiki/File:Qualifying_TransylvaniaOpen_Maja_Chwalinska_vs_Ilinca_Dalina_Amariei_6-1,6-1_(54320887214)_(cropped_Maja_Chwalinska).jpg"
216083.jpg,Caty Mcnally,si.robi,CC BY-SA 2.0,https://commons.wikimedia.org/wiki/File:McNally_RGQ22_(13)_(52128520717)_(cropped).jpg
216133.jpg,Xin Yu Wang,Hameltion,CC BY-SA 4.0,https://commons.wikimedia.org/wiki/File:Wang_Xinyu_(2023_US_Open)_05_(cropped).jpg
216146.jpg,Marta Kostyuk,Hameltion,CC BY-SA 4.0,https://commons.wikimedia.org/wiki/File:Marta_Kostyuk_(2023_US_Open)_20_(cropped).jpg
216153.jpg,Amanda Anisimova,si.robi,CC BY-SA 2.0,https://commons.wikimedia.org/wiki/File:Anisimova_RG19_(32)_(48199400552).jpg
216262.jpg,Clara Burel,si.robi,CC BY-SA 2.0,https://commons.wikimedia.org/wiki/File:Burel_RG22_(1)_(52144106503)_(cropped).jpg
216265.jpg,Olivia Gadecki,si.robi,CC BY-SA 2.0,https://commons.wikimedia.org/wiki/File:Gadecki_WMQ23_(53061130942)_(cropped).jpg
216347.jpg,Iga Swiatek,Hameltion,CC BY-SA 4.0,https://commons.wikimedia.org/wiki/File:Iga_Swiatek_2023_Cropped_%2B_Retouched.jpg
219875.jpg,Varvara Gracheva,si.robi,CC BY-SA 2.0,https://commons.wikimedia.org/wiki/File:Gracheva_RG21_(28)_(51377154655).jpg
219917.jpg,Alycia Parks,"Nuță Lucian from Cluj-Napoca, Romania",CC BY-SA 2.0,"https://commons.wikimedia.org/wiki/File:Transylvania_Open_2024_-_Ana_Bogdan_vs_Alycia_Parks_(_7-5,_7-5)_(53511538506).jpg"
220309.jpg,Zeynep Sonmez,Peter Menzel,CC BY-SA 2.0,https://commons.wikimedia.org/wiki/File:Zeynep_S%C3%B6nmez_Wimbledon_qualifying_2024_(cropped).jpg
220332.jpg,Eva Lys,Photosheikh,CC BY-SA 4.0,https://commons.wikimedia.org/wiki/File:Eva_Lys_at_Wimbledon_2024_(cropped2).jpg
220348.jpg,Diane Parry,Raffaele Di Buono derivative work: Kacir,CC0,"https://commons.wikimedia.org/wiki/File:Diane_Parry,_Roma_2026_(cropped3).jpg"
220367.jpg,Leylah Fernandez,Hameltion,CC BY-SA 4.0,https://commons.wikimedia.org/wiki/File:Leylah_Fernandez_(2023_DC_Open)_06_(cropped).jpg
220416.jpg,Moyuka Uchijima,si.robi,CC BY-SA 2.0,https://commons.wikimedia.org/wiki/File:Uchijima_WMQ23_(53062168653).jpg
220465.jpg,Katie Volynets,Hameltion,CC BY-SA 4.0,https://commons.wikimedia.org/wiki/File:Katie_Volynets_(2023_US_Open)_11_(cropped).jpg
220520.jpg,Mccartney Kessler,Hameltion,CC BY-SA 4.0,https://commons.wikimedia.org/wiki/File:McCartney_Kessler_(2024_DC_Open)_04_(cropped).jpg
220548.jpg,Peyton Stearns,Hameltion,CC BY-SA 4.0,https://commons.wikimedia.org/wiki/File:Peyton_Stearns_(2024_DC_Open)_03_(cropped).jpg
220589.jpg,Elina Avanesyan,Hameltion,CC BY-SA 4.0,https://commons.wikimedia.org/wiki/File:Elina_Avanesyan_(2023_US_Open)_12.jpg
220704.jpg,Clara Tauson,si.robi,CC BY 4.0,https://commons.wikimedia.org/wiki/File:Tauson_WMQ23_(53061681066)_cropped.jpg
220714.jpg,Elisabetta Cocciaretto,si.robi,CC BY-SA 2.0,https://commons.wikimedia.org/wiki/File:Cocciaretto_RGQ22_(19)_(52130125890).jpg
220770.jpg,Eva Vedder,Hameltion,CC BY-SA 4.0,https://commons.wikimedia.org/wiki/File:Eva_Vedder_(2026_US_Open)_01_(cropped).jpg
221012.png,Qinwen Zheng,China News Service,CC BY 3.0,https://commons.wikimedia.org/wiki/File:Zheng_Qinwen_press_conference.png
221024.jpg,Hailey Baptiste,si.robi,CC BY-SA 2.0,https://commons.wikimedia.org/wiki/File:Baptiste_RG21_(28)_(51377189675).jpg
221039.jpg,Elsa Jacquemot,Hameltion,CC BY-SA 4.0,https://commons.wikimedia.org/wiki/File:Elsa_Jacquemot_(2023_US_Open)_09_(cropped).jpg
221054.jpg,Emma Raducanu,"Nuță Lucian from Cluj-Napoca, Romania",CC BY-SA 4.0,"https://commons.wikimedia.org/wiki/File:Transylvania_Open_2026_-_Emma_Raducanu_vs_Greet_Minnen_6-0,_6-4_-_01.02.2026_(55077278835)_(cropped).jpg"
221103.jpg,Coco Gauff,Rick Munroe,CC BY-SA 4.0,https://commons.wikimedia.org/wiki/File:Coco_Gauff_Miami_Open.jpg
221236.jpg,Polina Kudermetova,Hameltion,CC BY-SA 4.0,https://commons.wikimedia.org/wiki/File:Polina_Kudermetova_(2025_DC_Open)_01_(cropped).jpg
221333.jpg,Solana Sierra,Hameltion,CC BY-SA 4.0,https://commons.wikimedia.org/wiki/File:Solana_Sierra_(2024_US_Open)_01.jpg
221407.jpg,Oksana Selekhmeteva,si.robi,CC BY-SA 2.0,https://commons.wikimedia.org/wiki/File:Selekhmeteva_BIA21_(51378320826).jpg
221626.jpg,Linda Klimovicova,Hameltion,CC BY-SA 4.0,https://commons.wikimedia.org/wiki/File:Linda_Klimovi%C4%8Dov%C3%A1_(2026_US_Open)_01_(cropped).jpg
221883.jpg,Talia Gibson,Hameltion,CC BY-SA 4.0,https://commons.wikimedia.org/wiki/File:Talia_Gibson_(2024_Cary)_01.jpg
221905.jpg,Robin Montgomery,Ellywa,CC BY-SA 4.0,https://commons.wikimedia.org/wiki/File:Robin_Montgomery_winnaar_Rosmalen_2026.jpg
221909.jpg,Ashlyn Krueger,Hameltion,CC BY-SA 4.0,https://commons.wikimedia.org/wiki/File:Ashlyn_Krueger_(2023_DC_Open)_01_(cropped).jpg
222017.jpg,Anouk Koevermans,Hameltion,CC BY-SA 4.0,https://commons.wikimedia.org/wiki/File:Anouk_Koevermans_(2026_US_Open)_01_(cropped).jpg
222045.jpg,Antonia Ruzic,DarDarCH,CC BY-SA 4.0,https://commons.wikimedia.org/wiki/File:2023_Roland_Garros_Qualifying_Tournament_-_37_(cropped2).jpg
222258.jpg,Linda Fruhvirtova,Hameltion,CC BY-SA 4.0,https://commons.wikimedia.org/wiki/File:Linda_Fruhvirtova_(Roland_Garros_2023)_07_(cropped).jpg
222328.jpg,Linda Noskova,Hameltion,CC BY-SA 4.0,https://commons.wikimedia.org/wiki/File:Linda_Noskov%C3%A1_(2023_US_Open)_01_(cropped2).jpg
222391.jpg,Lois Boisson,si.robi,CC BY-SA 2.0,https://commons.wikimedia.org/wiki/File:Boisson_BIA21_(39)_(51377575387).jpg
222601.jpg,Jessica Bouzas Maneiro,si.robi,CC BY-SA 2.0,https://commons.wikimedia.org/wiki/File:Bouzas_Maneiro_WMQ23_(53061717336).jpg
222661.jpg,Sonay Kartal,si.robi,CC BY-SA 2.0,https://commons.wikimedia.org/wiki/File:Kartal_RGQ23.jpg
222965.jpg,Erika Andreeva,si.robi,CC BY-SA 2.0,https://commons.wikimedia.org/wiki/File:Andreeva_E._WMQ23_(53061900319).jpg
223253.jpg,Alexandra Eala,Philippine Sports Commission,Public domain,https://commons.wikimedia.org/wiki/File:Ealas_and_Patrick_Gregorio_(cropped_Alexandra_Eala).jpg
223286.jpg,Victoria Jimenez Kasintseva,NaBUru38,CC BY-SA 4.0,https://commons.wikimedia.org/wiki/File:2021_Montevideo_Open_(tennis)_-_Round_2_Victoria_Jim%C3%A9nez_Kasintseva_vs_Mar%C3%ADa_Lourdes_Carl%C3%A9_-_32.jpg
223333.jpg,Noma Noha Akugue,si.robi,CC BY-SA 2.0,https://commons.wikimedia.org/wiki/File:Noha_Akugue_RGQ23.jpg
223670.jpg,Diana Shnaider,si.robi,CC BY-SA 2.0,https://commons.wikimedia.org/wiki/File:Shnaider_WMQ23_(53062168393).jpg
233741.jpg,Maya Joint,Hameltion,CC BY-SA 4.0,https://commons.wikimedia.org/wiki/File:Maya_Joint_(2024_Cary)_01.jpg
238184.jpg,Tereza Valentova,Profesorreen,CC BY-SA 4.0,https://commons.wikimedia.org/wiki/File:Tereza_Valentov%C3%A1_junior_French_Open_(cropped).jpg
239383.jpg,Sara Bejlek,Hameltion,CC BY-SA 4.0,https://commons.wikimedia.org/wiki/File:S%C3%A1ra_Bejlek_(2023_US_Open)_10_(cropped3).jpg
239475.jpg,Victoria Mboko,Hameltion,CC BY-SA 4.0,https://commons.wikimedia.org/wiki/File:Victoria_Mboko_returning_serve_2025_DC_(cropped).jpg
252499.jpg,Alina Korneeva,Hameltion,CC BY-SA 4.0,https://commons.wikimedia.org/wiki/File:Alina_Korneeva_(2023_French_Open)_02.jpg
259104.jpg,Brenda Fruhvirtova,si.robi,CC BY-SA 2.0,https://commons.wikimedia.org/wiki/File:Fruhvirtova_B._RGQ23.jpg
259799.jpg,Mirra Andreeva,si.robi,CC BY-SA 2.0,https://commons.wikimedia.org/wiki/File:Andreeva_M._WMQ23_(53062105200).jpg
260300.jpg,Iva Jovic,Hameltion,CC BY-SA 4.0,https://commons.wikimedia.org/wiki/File:Iva_Jovic_(2024_US_Open)_01.jpg
263644.png,Emerson Jones,ZooTennis.com,CC BY 4.0,https://commons.wikimedia.org/wiki/File:Emerson_Jones_Eddie_Herr_G14s_Final_2022_(1)_(cropped).png
